PassengerId,Survived,Pclass,Name,Sex,Age,SibSp,Parch,Ticket,Fare,Cabin,Embarked
1,0,3,Person_0,female,,2,0,800417,37.63,,S
2,1,3,Person_1,female,24.5,0,0,712682,68.75,,S
3,1,2,Person_2,female,54.7,1,0,A847946,21.91,,S
4,0,3,Person_3,female,40.4,0,0,994766,12.03,,S
5,0,1,Person_4,female,,0,3,722585,44.83,E101,C
6,0,2,Person_5,female,,0,2,289365,7.95,,Q
7,0,3,Person_6,male,34.5,0,0,399821,15.74,C85,S
8,1,1,Person_7,female,2.0,3,0,465651,64.25,C85,S
9,0,1,Person_8,male,25.1,0,0,529911,41.24,,Q
10,1,1,Person_9,female,,0,1,450523,16.55,C85,S
11,0,1,Person_10,female,28.3,0,0,A904738,7.74,,Q
12,1,1,Person_11,female,9.3,0,0,741316,14.08,,S
13,1,3,Person_12,male,,0,0,169826,10.7,,C
14,0,2,Person_13,male,,1,0,358943,6.2,,S
15,0,3,Person_14,female,46.5,0,0,285345,43.52,,Q
16,0,3,Person_15,male,28.1,0,2,266682,9.29,,S
17,0,2,Person_16,male,42.3,0,0,424384,19.37,,S
18,0,2,Person_17,male,23.9,4,0,A544252,15.6,,S
19,0,2,Person_18,Female,5.1,0,0,A748157,128.69,,S
20,0,3,Person_19,female,,0,0,A22336,15.87,C85,C
21,0,2,Person_20,male,50.9,0,3,92212,2.67,,S
22,0,3,Person_21,male,25.2,0,0,858182,3.01,,Q
23,0,2,Person_22,male,25.6,0,0,A438670,28.59,,S
24,0,3,Person_23,female,24.8,0,0,299372,,,C
25,0,2,Person_24,female,55.7,1,0,A995312,17.36,,S
26,1,2,Person_25,male,51.8,0,0,194087,18.09,,Q
27,0,3,Person_26,male,60.1,1,0,A221979,1.77,,Q
28,0,3,Person_27,male,26.8,0,0,636115,23.26,,S
29,0,1,Person_28,female,33.1,0,0,438472,22.49,D56,C
30,0,3,Person_29,female,,0,0,A311033,5.18,,C
31,0,3,Person_30,male,,0,0,440423,3.51,,S
32,0,3,Person_31,male,12.7,1,0,232603,4.22,,
33,0,3,Person_32,male,32.0,0,0,A251482,3.41,,S
34,1,2,Person_33,Female,,0,1,804301,30.11,,C
35,1,1,Person_34,male,20.8,0,2,491153,7.0,,S
36,1,2,Person_35,female,,5,0,A947272,9.27,,S
37,0,3,Person_36,female,20.5,0,0,A347766,,,S
38,0,3,Person_37,male,21.5,2,0,91948,101.32,,S
39,1,2,Person_38,male,21.3,0,0,610079,61.71,E101,C
40,0,1,Person_39,male,40.7,0,1,164404,8.38,,Q
41,0,3,Person_40,female,13.5,0,0,692923,12.7,,S
42,0,3,Person_41,female,,0,0,801494,7.54,,S
43,0,3,Person_42,female,46.1,0,1,279388,21.66,,C
44,1,1,Person_43,female,21.8,0,1,791608,,,S
45,0,2,Person_44,male,18.9,2,0,729831,35.61,,S
46,1,1,Person_45,Female,25.8,1,0,967977,,,S
47,0,3,Person_46,female,,1,0,A502134,73.25,,S
48,0,1,Person_47,male,31.7,0,0,746618,5.75,,S
49,0,3,Person_48,Female,21.6,0,2,977014,52.17,C123,C
50,0,2,Person_49,female,35.8,0,1,528467,50.24,,S
51,1,3,Person_50,female,13.6,1,1,A161152,4.35,,C
52,1,3,Person_51,female,38.5,2,0,920908,16.27,A14,S
53,1,3,Person_52,female,34.7,0,1,A856278,5.97,,S
54,1,1,Person_53,female,,0,0,325104,,,C
55,0,1,Person_54,male,17.3,0,0,430466,9.78,,S
56,1,1,Person_55,male,16.6,0,0,A844569,26.0,,S
57,0,3,Person_56,Male,36.5,0,0,526576,16.96,,S
58,0,3,Person_57,male,46.2,0,0,316020,94.44,,S
59,0,3,Person_58,male,20.1,1,0,846659,4.32,,C
60,0,3,Person_59,male,,0,0,A83704,116.41,,S
61,0,3,Person_60,male,0.5,0,0,334058,8.39,,C
62,0,1,Person_61,female,20.8,5,0,595581,47.43,D56,S
63,1,3,Person_62,Male,28.6,0,0,426740,13.25,,S
64,0,2,Person_63,male,16.3,0,0,623008,4.94,,Q
65,0,2,Person_64,male,15.9,0,1,951208,62.44,,C
66,0,3,Person_65,male,19.7,0,0,880229,11.82,,S
67,0,1,Person_66,female,,0,0,A625429,34.41,,S
68,1,1,Person_67,female,26.4,1,0,256476,26.74,,S
69,0,3,Person_68,male,0.5,0,1,374534,20.42,C85,S
70,1,1,Person_69,female,,0,0,435910,21.91,,C
71,1,3,Person_70,female,,0,0,888752,42.17,,C
72,0,2,Person_71,female,35.4,0,0,A673779,2.94,,S
73,0,2,Person_72,Male,0.5,1,0,699197,35.3,,C
74,1,2,Person_73,male,22.0,1,0,509471,72.37,,S
75,1,2,Person_74,female,,0,0,A47276,1.9,,S
76,1,3,Person_75,female,48.4,1,0,326759,4.85,E101,S
77,1,2,Person_76,female,23.6,0,0,20514,40.35,,Q
78,0,3,Person_77,female,34.4,4,0,273246,18.4,,C
79,0,3,Person_78,female,31.0,0,0,488409,,,S
80,0,3,Person_79,female,0.5,4,0,643389,4.71,,S
81,1,3,Person_80,male,39.8,1,0,118684,22.62,,Q
82,1,3,Person_81,female,32.0,0,0,A629225,4.33,E101,S
83,0,1,Person_82,Female,36.1,0,0,A219272,20.72,E101,S
84,0,1,Person_83,Male,80.0,5,0,648103,46.15,,Q
85,0,2,Person_84,male,0.5,1,1,137602,9.56,,C
86,0,3,Person_85,male,53.1,0,2,953709,20.97,E101,S
87,1,1,Person_86,male,,1,0,555470,154.57,,S
88,1,3,Person_87,female,,0,0,A203691,,,S
89,1,3,Person_88,female,,0,0,242362,,,S
90,0,2,Person_89,male,23.1,0,1,151488,17.15,,Q
91,0,3,Person_90,female,21.0,0,0,558694,46.73,,S
92,1,1,Person_91,female,,1,0,964570,1.32,D56,C
93,1,1,Person_92,female,7.8,0,1,489969,4.2,E101,S
94,0,3,Person_93,female,39.5,1,0,A692346,7.26,,S
95,1,3,Person_94,female,23.2,0,1,811123,16.45,,S
96,0,3,Person_95,female,13.2,0,0,20794,59.81,C123,C
97,0,2,Person_96,male,22.7,0,0,A348074,13.6,,S
98,0,2,Person_97,female,,0,1,51708,34.02,,S
99,0,3,Person_98,female,21.5,0,0,A948304,39.54,,S
100,0,3,Person_99,female,34.0,0,0,A965413,28.23,,S
101,0,3,Person_100,female,18.8,0,0,365992,14.14,,S
102,1,2,Person_101,female,39.6,0,2,841431,27.54,,S
103,0,3,Person_102,male,38.6,0,0,843711,13.41,,S
104,0,2,Person_103,female,,0,0,64213,2.8,B96,S
105,1,1,Person_104,male,,1,0,248697,157.9,,S
106,0,3,Person_105,male,38.4,1,0,149565,4.35,,S
107,0,1,Person_106,female,30.4,0,0,A930267,2.4,,S
108,1,3,Person_107,Female,,0,0,A860187,67.46,,S
109,0,2,Person_108,male,18.9,0,0,289078,11.5,,S
110,0,1,Person_109,male,39.4,2,2,703539,33.62,,C
111,0,3,Person_110,female,26.3,0,0,A457628,12.77,,S
112,0,3,Person_111,male,28.1,0,0,931913,15.89,,S
113,1,3,Person_112,female,30.3,0,0,A502232,9.73,E101,S
114,1,3,Person_113,female,32.5,0,0,919110,13.44,,C
115,1,3,Person_114,female,,0,2,A415257,16.92,,C
116,1,3,Person_115,male,32.0,1,0,46069,40.78,,S
117,1,3,Person_116,male,51.1,0,0,A760378,22.93,,S
118,0,2,Person_117,female,42.8,0,0,939090,91.99,D56,S
119,1,3,Person_118,female,41.2,0,0,A932826,1.37,C85,Q
120,0,1,Person_119,male,22.6,0,0,694659,22.38,,C
121,1,3,Person_120,female,16.6,1,0,449717,28.08,,S
122,1,3,Person_121,male,42.4,0,0,412993,80.9,,C
123,0,1,Person_122,female,41.3,1,0,31390,1.61,,C
124,0,3,Person_123,male,,0,0,281731,27.27,,S
125,0,3,Person_124,Female,20.5,0,0,903441,61.49,,S
126,0,1,Person_125,male,25.8,2,3,A772922,8.86,A14,S
127,1,3,Person_126,male,,0,0,A57013,66.87,,S
128,1,3,Person_127,male,23.5,1,0,A728980,0.62,,C
129,0,1,Person_128,male,43.0,0,0,A88113,42.19,,S
130,0,3,Person_129,female,22.5,1,0,45282,86.55,,C
131,0,2,Person_130,Female,38.0,0,0,500643,34.26,,Q
132,0,3,Person_131,male,26.3,0,2,405412,18.5,,S
133,0,3,Person_132,male,33.5,1,0,927374,1.47,,S
134,0,3,Person_133,female,12.9,2,2,95395,,,C
135,1,3,Person_134,female,,1,0,A830509,20.33,C123,C
136,0,3,Person_135,female,0.5,1,0,A546343,0.94,,C
137,0,3,Person_136,male,26.4,1,2,54484,37.46,,S
138,1,2,Person_137,male,6.2,0,0,A307915,21.04,,S
139,0,3,Person_138,female,45.9,0,2,A449756,4.25,E101,S
140,1,1,Person_139,male,39.9,0,0,906716,,,Q
141,1,3,Person_140,female,,0,2,A525609,2.13,,S
142,0,1,Person_141,male,50.3,0,0,A190645,,C85,Q
143,0,1,Person_142,female,15.7,0,0,152832,31.13,,S
144,0,1,Person_143,male,53.5,0,0,297906,22.55,,Q
145,0,3,Person_144,female,,1,0,181172,54.36,,S
146,0,2,Person_145,female,,0,0,23877,63.15,,S
147,0,3,Person_146,female,44.9,0,0,642731,30.6,,S
148,0,1,Person_147,male,13.5,0,0,125074,0.41,,S
149,0,2,Person_148,female,17.5,1,0,A406474,38.02,,S
150,0,3,Person_149,female,20.5,1,1,965083,17.32,D56,S
151,1,3,Person_150,female,21.6,0,0,812207,26.68,,S
152,0,2,Person_151,female,14.2,0,0,699567,33.51,,S
153,0,3,Person_152,female,46.1,0,0,981136,13.8,D56,C
154,0,3,Person_153,female,25.4,0,0,98697,79.68,,S
155,1,3,Person_154,male,,0,0,352864,4.6,B96,S
156,0,1,Person_155,female,21.0,0,0,166390,35.62,B96,C
157,1,1,Person_156,female,,0,2,A683882,0.14,C85,S
158,1,3,Person_157,male,32.8,0,1,514609,82.74,,Q
159,0,1,Person_158,male,2.2,2,0,630160,3.82,,S
160,1,3,Person_159,male,,2,0,703812,3.19,,S
161,0,3,Person_160,female,9.8,0,0,A126603,12.96,B96,S
162,1,3,Person_161,female,56.8,0,0,689363,14.97,,S
163,1,3,Person_162,female,41.8,0,0,831247,7.72,,S
164,0,3,Person_163,female,30.5,0,0,70107,28.15,,S
165,0,2,Person_164,male,,2,0,A553910,18.72,,S
166,1,3,Person_165,male,17.2,0,0,991714,1.11,,S
167,0,2,Person_166,male,36.6,1,0,999422,12.32,C123,S
168,0,3,Person_167,male,31.8,0,2,A786644,53.22,,S
169,0,3,Person_168,male,32.7,4,0,534658,37.45,,S
170,0,3,Person_169,male,46.8,0,1,A820194,41.3,E101,S
171,1,3,Person_170,female,39.3,1,3,13196,38.33,,S
172,0,3,Person_171,female,33.0,0,0,236009,11.92,,S
173,0,2,Person_172,Female,5.8,0,0,861271,3.36,,S
174,0,2,Person_173,Male,15.6,0,0,A516528,10.18,,S
175,1,3,Person_174,female,27.3,0,3,976894,57.04,,S
176,0,1,Person_175,male,30.3,2,3,928609,125.95,D56,S
177,1,1,Person_176,female,13.2,2,0,A577497,21.79,,S
178,0,2,Person_177,female,62.8,1,0,421267,0.31,,S
179,1,2,Person_178,male,50.2,0,1,263516,4.83,,S
180,0,2,Person_179,male,,1,0,732321,12.44,,S
181,0,1,Person_180,female,30.0,0,1,67175,27.65,,S
182,0,1,Person_181,male,,0,2,815408,2.5,,S
183,1,1,Person_182,female,15.7,0,0,781272,91.87,,C
184,1,3,Person_183,female,30.1,0,0,127752,,,C
185,0,2,Person_184,male,,0,0,303257,77.99,,S
186,1,2,Person_185,male,,0,0,940388,48.53,,S
187,1,3,Person_186,male,,0,0,175486,45.07,,S
188,0,1,Person_187,male,26.8,1,1,780488,29.86,,C
189,0,3,Person_188,male,2.3,0,2,740617,31.54,C85,S
190,0,3,Person_189,female,17.0,0,2,475448,32.52,,Q
191,0,1,Person_190,male,23.2,0,0,604487,31.71,,
192,1,2,Person_191,female,55.4,0,1,A527400,25.82,C123,S
193,1,3,Person_192,male,36.8,0,0,A300693,137.56,D56,S
194,1,3,Person_193,Male,10.3,0,0,799694,42.17,,S
195,0,3,Person_194,male,35.8,0,0,869004,48.01,,S
196,0,3,Person_195,male,7.3,1,0,A360002,65.9,,S
197,1,1,Person_196,female,44.2,0,2,214580,7.77,,S
198,1,3,Person_197,female,22.4,1,0,A505784,2.8,B96,C
199,1,1,Person_198,male,27.7,0,0,978121,21.1,,S
200,1,3,Person_199,female,47.6,0,0,490675,23.09,,S
201,1,3,Person_200,female,11.0,1,0,609559,56.55,C85,S
202,0,3,Person_201,female,9.4,0,0,214335,18.77,,S
203,0,3,Person_202,male,20.8,0,0,204243,27.07,,
204,1,1,Person_203,male,43.5,1,0,783589,23.96,E101,S
205,0,1,Person_204,female,7.7,0,0,600642,1.25,,S
206,0,1,Person_205,female,0.5,1,1,A964793,30.56,D56,S
207,0,1,Person_206,male,,0,0,A926094,56.34,E101,S
208,1,3,Person_207,female,36.7,1,0,256889,5.48,,S
209,0,2,Person_208,female,45.8,0,0,A426512,28.87,,Q
210,0,1,Person_209,male,22.5,0,0,885584,28.81,,S
211,0,3,Person_210,female,,0,0,556707,5.74,,S
212,1,3,Person_211,male,,0,0,235825,4.22,,S
213,1,3,Person_212,female,2.8,0,2,330032,125.27,,C
214,0,3,Person_213,female,23.6,0,0,888908,16.01,,S
215,1,1,Person_214,Female,31.7,0,1,872035,8.26,,S
216,0,2,Person_215,male,35.3,0,3,89360,6.01,,S
217,0,3,Person_216,male,21.9,0,0,133662,,,S
218,1,3,Person_217,male,29.5,2,0,A807406,30.09,C85,C
219,1,1,Person_218,male,0.5,0,0,790908,33.01,,S
220,1,3,Person_219,male,19.8,0,2,A894080,2.95,,C
221,1,1,Person_220,Male,35.3,0,2,A935581,71.68,C85,S
222,0,1,Person_221,male,,0,0,A659001,,,S
223,0,3,Person_222,male,29.8,2,1,65612,12.03,,C
224,0,3,Person_223,female,35.3,0,0,573998,19.86,A14,S
225,0,3,Person_224,male,24.2,3,3,647384,15.82,,S
226,0,1,Person_225,female,31.4,0,2,903844,63.74,B96,S
227,1,3,Person_226,male,,1,0,927425,84.76,,S
228,0,2,Person_227,female,,0,0,312621,11.57,,S
229,1,1,Person_228,male,37.5,1,0,A104154,63.83,C85,Q
230,1,3,Person_229,male,,0,0,420568,48.67,,Q
231,1,3,Person_230,Male,20.8,0,1,124560,85.47,,S
232,0,3,Person_231,male,32.1,0,0,A572229,9.03,D56,S
233,0,3,Person_232,female,,0,0,873618,27.53,D56,S
234,0,3,Person_233,male,0.5,2,0,213990,10.27,D56,S
235,0,3,Person_234,male,45.2,0,3,10801,55.61,,S
236,1,1,Person_235,female,24.3,0,0,844397,0.17,,S
237,0,2,Person_236,male,35.0,1,0,937473,26.62,,S
238,0,2,Person_237,female,45.8,0,0,959953,13.26,,S
239,1,2,Person_238,Female,,2,3,725663,12.47,C123,S
240,0,3,Person_239,female,19.1,1,1,937476,,,S
241,1,3,Person_240,Male,25.0,0,0,A701505,61.03,,C
242,1,1,Person_241,male,18.0,1,0,A229188,30.07,,S
243,1,1,Person_242,male,53.3,0,0,439385,61.39,,S
244,0,3,Person_243,male,17.0,0,0,160641,9.83,A14,S
245,0,1,Person_244,female,21.2,0,0,588725,23.45,,S
246,1,3,Person_245,Female,31.9,0,2,934276,19.16,,S
247,0,3,Person_246,male,12.2,1,0,A675491,0.37,A14,S
248,1,3,Person_247,female,23.5,2,1,878152,26.04,,Q
249,1,3,Person_248,male,33.4,0,0,543857,34.67,,S
250,1,3,Person_249,female,24.3,0,0,A95192,28.68,,S
251,0,2,Person_250,female,,3,0,218542,42.65,,S
252,0,3,Person_251,Female,21.6,0,0,529235,27.11,,Q
253,1,3,Person_252,female,7.8,0,0,566357,2.21,C123,C
254,0,2,Person_253,male,33.5,0,0,A852329,3.96,,C
255,0,3,Person_254,male,53.6,1,0,494710,29.04,E101,S
256,0,3,Person_255,male,29.3,0,0,184588,10.29,A14,Q
257,1,3,Person_256,male,32.2,1,0,306773,2.66,,S
258,1,3,Person_257,male,38.7,1,3,134746,17.97,,S
259,0,3,Person_258,female,11.2,0,0,574376,25.86,,
260,0,3,Person_259,female,,0,1,441231,12.76,,Q
261,0,3,Person_260,female,31.8,1,0,342343,40.78,E101,S
262,1,3,Person_261,male,51.8,0,1,22818,33.03,,S
263,0,3,Person_262,female,,1,0,165049,12.95,,S
264,0,3,Person_263,female,54.5,2,1,618278,44.99,,S
265,1,3,Person_264,male,39.9,0,0,55784,33.48,,S
266,1,1,Person_265,female,36.7,1,0,A831391,32.47,,Q
267,1,3,Person_266,female,,1,0,A265564,25.8,,S
268,1,3,Person_267,male,25.5,1,0,658140,0.37,,C
269,0,1,Person_268,female,45.8,0,0,553135,38.16,,C
270,0,3,Person_269,female,31.0,0,0,921815,15.09,,S
271,1,1,Person_270,male,1.5,0,0,A62335,91.45,,C
272,1,2,Person_271,Male,13.4,0,1,A815983,54.52,,S
273,1,3,Person_272,female,,0,0,327817,28.35,,S
274,1,1,Person_273,female,33.3,1,0,A626552,9.3,,S
275,0,3,Person_274,female,28.2,0,0,A747609,7.29,,S
276,0,3,Person_275,male,46.1,0,0,675442,13.32,A14,C
277,1,3,Person_276,female,1.7,0,0,17086,20.72,,Q
278,1,1,Person_277,female,31.0,1,0,374069,,,S
279,1,2,Person_278,male,3.5,0,2,A811680,23.15,C123,C
280,1,3,Person_279,female,39.6,0,1,A952529,5.78,D56,S
281,1,3,Person_280,female,27.7,0,1,804280,121.72,,C
282,0,3,Person_281,female,34.9,1,0,326689,3.65,,S
283,0,2,Person_282,male,16.9,0,1,125981,86.0,,S
284,0,3,Person_283,female,46.9,0,0,283438,78.35,,S
285,0,3,Person_284,male,43.6,3,0,120777,23.85,C123,S
286,0,3,Person_285,male,37.2,1,0,625837,41.3,,S
287,0,1,Person_286,male,27.2,2,0,641036,18.33,,Q
288,0,3,Person_287,male,,0,0,A812523,31.82,,S
289,0,3,Person_288,female,19.1,0,0,665362,13.32,,Q
290,0,3,Person_289,female,41.0,1,0,A444174,11.47,,S
291,0,2,Person_290,male,52.1,0,0,686067,27.63,C123,S
292,0,3,Person_291,female,44.0,1,0,743682,22.06,,S
293,1,3,Person_292,female,18.8,0,0,77421,27.72,,C
294,0,1,Person_293,female,34.1,0,0,312756,10.81,,S
295,0,3,Person_294,male,10.9,0,0,A19491,14.63,,S
296,0,3,Person_295,female,37.0,0,1,A521662,2.8,,S
297,1,1,Person_296,Female,35.3,0,0,772803,1.72,E101,S
298,0,2,Person_297,female,2.8,0,0,824746,9.35,,
299,1,3,Person_298,male,,3,0,359230,2.47,C85,S
300,0,1,Person_299,male,25.0,0,0,252223,,,S
301,0,3,Person_300,female,24.8,0,1,A315364,53.64,,S
302,0,2,Person_301,Male,12.1,1,0,704779,1.27,,C
303,0,3,Person_302,female,,0,0,38876,34.42,,C
304,1,1,Person_303,female,32.5,0,1,685331,10.18,C123,S
305,1,3,Person_304,male,,1,0,321372,65.67,,S
306,1,3,Person_305,female,18.4,0,0,262313,21.23,,S
307,0,3,Person_306,female,43.7,1,0,71260,11.67,,S
308,0,3,Person_307,male,52.2,1,0,406562,23.33,B96,S
309,1,1,Person_308,female,22.2,3,0,A590464,15.4,,Q
310,0,3,Person_309,Female,20.4,0,0,527561,26.59,,S
311,0,1,Person_310,male,35.9,0,3,700753,3.89,,S
312,0,1,Person_311,female,24.0,0,0,953061,185.79,,C
313,0,2,Person_312,male,27.0,0,0,908760,17.74,,S
314,1,3,Person_313,female,,1,0,682636,13.7,C85,S
315,1,3,Person_314,female,2.3,0,2,A541598,39.64,,S
316,1,3,Person_315,female,47.5,0,1,488096,14.48,,S
317,0,2,Person_316,female,30.0,1,0,191693,57.32,,Q
318,0,2,Person_317,male,,0,0,A743946,19.38,,S
319,0,3,Person_318,Male,27.8,0,0,182687,40.68,,S
320,0,2,Person_319,female,28.5,0,0,613359,,D56,S
321,0,3,Person_320,male,4.8,1,0,394755,59.89,D56,Q
322,1,1,Person_321,female,,0,0,A277531,42.58,B96,S
323,1,3,Person_322,female,29.6,1,0,664669,7.61,C123,S
324,0,3,Person_323,male,,0,2,244484,5.02,,Q
325,1,1,Person_324,female,42.3,1,0,A436941,12.17,,S
326,1,1,Person_325,Male,14.7,1,2,396354,119.44,,S
327,0,3,Person_326,male,35.6,0,0,945709,9.5,,S
328,0,3,Person_327,Female,25.3,0,0,97566,19.49,,S
329,0,2,Person_328,male,40.9,0,0,864619,0.98,,S
330,0,3,Person_329,male,0.5,1,0,A118237,16.2,,S
331,0,1,Person_330,male,27.6,0,0,386620,27.11,E101,S
332,1,2,Person_331,female,20.6,0,0,496598,97.93,,S
333,0,3,Person_332,female,35.1,0,0,A829945,23.27,A14,S
334,0,2,Person_333,male,35.6,0,0,594933,54.72,,S
335,0,3,Person_334,male,,0,1,990213,25.35,,S
336,0,2,Person_335,female,19.0,0,0,A598510,1.33,,
337,1,2,Person_336,male,,0,0,265539,12.11,,S
338,1,3,Person_337,female,16.4,1,0,712290,27.42,,Q
339,0,2,Person_338,female,40.8,0,2,A763696,96.25,,S
340,0,3,Person_339,female,23.8,0,0,89944,62.72,,S
341,0,1,Person_340,Female,0.5,2,0,996454,8.3,,S
342,0,1,Person_341,male,23.8,1,0,22120,7.96,,C
343,0,1,Person_342,Female,14.5,2,0,401413,7.19,,C
344,0,3,Person_343,female,6.2,0,3,A549251,81.84,,S
345,0,2,Person_344,female,11.7,0,0,561616,61.28,,Q
346,0,3,Person_345,male,,0,0,A555893,47.72,,S
347,1,3,Person_346,female,47.6,1,0,A187443,15.96,,S
348,0,3,Person_347,male,33.4,0,0,201848,22.46,,Q
349,0,1,Person_348,male,20.5,0,2,837401,19.98,,C
350,1,3,Person_349,male,35.4,0,0,737662,9.35,,Q
351,0,3,Person_350,female,22.6,0,0,A943432,22.5,,S
352,1,3,Person_351,female,,0,0,A830848,0.99,,S
353,1,3,Person_352,female,12.8,0,0,372578,,,S
354,0,3,Person_353,female,4.5,0,1,446572,69.66,,S
355,0,3,Person_354,male,23.5,0,0,847742,,,C
356,1,1,Person_355,female,31.2,3,0,A153435,17.59,,
357,0,1,Person_356,male,27.6,1,2,827060,23.3,,S
358,0,3,Person_357,female,,2,0,A79672,14.79,,S
359,1,3,Person_358,female,15.8,1,0,A504209,43.2,,S
360,0,3,Person_359,female,37.5,0,0,274954,49.07,,S
361,0,3,Person_360,female,,0,3,605976,46.11,,S
362,1,1,Person_361,male,39.9,0,0,283306,41.03,,C
363,0,1,Person_362,female,15.0,0,0,410435,7.32,,S
364,0,3,Person_363,female,18.5,0,0,A128371,13.2,D56,C
365,1,2,Person_364,female,8.5,0,0,523214,20.31,C85,S
366,0,1,Person_365,male,,0,0,76188,12.85,,S
367,1,3,Person_366,female,42.7,0,0,772476,45.0,,S
368,1,1,Person_367,female,,0,0,A156731,12.78,,C
369,0,3,Person_368,male,42.7,0,0,784560,4.76,,S
370,0,2,Person_369,male,,1,0,A622082,16.3,B96,S
371,0,3,Person_370,female,13.5,0,1,476441,125.05,B96,S
372,0,2,Person_371,female,24.4,0,2,A642829,8.19,,S
373,0,3,Person_372,male,18.1,0,0,753787,30.31,,C
374,1,1,Person_373,male,47.6,0,0,925133,18.16,,C
375,0,1,Person_374,male,12.2,0,0,A638203,2.36,,S
376,0,2,Person_375,male,41.5,0,0,A744782,21.41,C123,S
377,1,3,Person_376,female,41.5,0,1,165915,38.76,B96,C
378,0,3,Person_377,female,54.6,0,0,686874,23.04,,S
379,1,2,Person_378,female,23.3,2,0,956301,65.81,,S
380,0,3,Person_379,female,39.0,2,1,877838,10.91,,S
381,0,3,Person_380,male,60.9,0,0,135555,2.89,,S
382,1,3,Person_381,female,20.4,0,0,533277,88.25,A14,S
383,1,1,Person_382,female,7.5,1,0,A104488,15.2,,C
384,1,3,Person_383,Female,2.7,0,0,367188,27.49,,S
385,1,1,Person_384,female,,0,0,795890,50.25,,S
386,1,2,Person_385,male,,0,1,391448,12.54,A14,C
387,0,3,Person_386,female,23.8,2,1,516289,,,S
388,0,1,Person_387,male,35.1,0,0,208017,4.66,C85,S
389,1,3,Person_388,female,,0,2,A862224,11.02,A14,S
390,1,3,Person_389,male,35.0,1,0,681064,5.0,C85,S
391,1,3,Person_390,male,32.1,0,1,916073,53.35,,Q
392,0,3,Person_391,female,46.9,0,0,A260319,8.06,,C
393,0,1,Person_392,male,15.7,3,2,676775,40.44,,S
394,1,2,Person_393,female,,0,2,742558,91.84,,S
395,0,3,Person_394,male,18.2,0,0,A42161,24.01,,S
396,1,1,Person_395,female,40.6,0,2,A773977,24.85,,C
397,1,2,Person_396,female,41.6,0,1,A256256,19.78,,S
398,0,1,Person_397,female,35.3,0,1,A693542,12.62,B96,S
399,1,1,Person_398,male,45.6,0,0,910542,20.66,,S
400,1,2,Person_399,male,12.5,0,1,A819052,29.55,,S
401,0,1,Person_400,male,52.3,1,1,A12431,136.58,,S
402,1,3,Person_401,male,50.3,0,0,651760,88.86,,S
403,0,3,Person_402,female,39.3,0,2,71264,63.41,A14,C
404,1,3,Person_403,Male,53.9,0,0,A929199,70.38,,S
405,0,1,Person_404,female,,1,0,453148,20.19,D56,Q
406,1,1,Person_405,female,,0,0,666763,34.28,,S
407,0,1,Person_406,female,18.7,0,0,A179708,72.14,,S
408,0,3,Person_407,female,39.1,0,0,769994,15.97,,Q
409,1,3,Person_408,male,14.3,0,0,A586265,104.45,,S
410,0,1,Person_409,Male,39.6,0,2,A504523,17.2,,C
411,0,3,Person_410,female,48.2,1,0,632207,29.41,,C
412,1,1,Person_411,female,38.7,0,0,652064,39.59,,S
413,1,3,Person_412,male,33.0,0,0,A140697,96.24,,S
414,0,3,Person_413,male,15.2,0,0,536077,8.98,,S
415,1,3,Person_414,female,,1,2,771262,43.87,B96,S
416,0,3,Person_415,female,46.5,0,0,A441856,23.54,,S
417,0,3,Person_416,female,39.9,0,1,47067,,,C
418,0,2,Person_417,male,28.5,0,0,A180923,47.96,,S
419,1,3,Person_418,Female,23.1,0,0,217925,25.71,E101,S
420,1,1,Person_419,male,0.6,0,0,A424750,34.61,E101,S
421,1,3,Person_420,male,14.0,0,0,173944,12.48,,Q
422,1,3,Person_421,male,,0,0,A603391,21.0,,S
423,0,3,Person_422,female,11.1,0,0,491947,30.74,,S
424,0,3,Person_423,Male,31.7,0,0,319878,16.61,B96,S
425,0,3,Person_424,male,,0,1,A735290,7.08,C123,Q
426,0,3,Person_425,female,,0,0,A130627,104.34,C85,Q
427,0,3,Person_426,male,31.6,1,0,16475,,,S
428,1,1,Person_427,Male,,3,0,680088,42.37,,C
429,0,1,Person_428,female,29.2,3,0,A368780,16.94,A14,
430,0,2,Person_429,female,69.2,1,1,763772,14.04,,Q
431,0,1,Person_430,male,5.6,0,0,A441915,16.73,,S
432,1,3,Person_431,Female,43.8,1,0,810178,16.84,,S
433,0,1,Person_432,female,26.6,0,2,273389,25.14,C85,S
434,0,3,Person_433,male,39.8,0,0,952357,25.09,,S
435,0,2,Person_434,female,,0,0,A197965,22.0,,C
436,1,1,Person_435,male,18.7,0,0,A602337,4.63,,S
437,0,3,Person_436,female,32.2,1,0,A763241,21.93,,Q
438,1,3,Person_437,male,3.0,0,1,214829,,,S
439,1,3,Person_438,female,37.4,0,1,A500783,4.31,,S
440,0,3,Person_439,female,33.2,2,3,A156154,,,S
441,0,3,Person_440,male,,0,0,175640,29.72,,S
442,1,1,Person_441,male,,0,0,739992,34.47,C123,C
443,0,3,Person_442,male,34.1,2,0,A954258,16.44,C123,S
444,0,3,Person_443,female,31.1,0,0,987684,76.69,,S
445,1,3,Person_444,male,,0,0,731075,32.51,C123,S
446,1,1,Person_445,female,19.0,0,0,A784008,46.91,,S
447,1,3,Person_446,male,45.6,0,0,661127,14.71,,Q
448,1,1,Person_447,male,49.1,1,0,186637,103.01,,S
449,0,1,Person_448,female,25.7,0,1,600176,54.96,,C
450,0,2,Person_449,male,,0,1,490338,61.56,A14,S
451,1,3,Person_450,Male,16.3,0,0,A899566,6.05,,S
452,0,3,Person_451,female,45.4,0,0,A682225,10.11,,Q
453,0,3,Person_452,female,38.3,3,0,A37213,10.76,,S
454,1,3,Person_453,female,56.2,0,1,407693,,,S
455,0,2,Person_454,female,,0,0,976899,61.88,,S
456,0,2,Person_455,male,23.7,0,0,A22755,1.04,,S
457,0,2,Person_456,male,32.2,1,0,199977,2.53,,C
458,0,3,Person_457,male,38.1,2,0,245132,10.24,,S
459,0,1,Person_458,female,26.0,0,0,801624,7.14,,Q
460,0,3,Person_459,male,16.8,0,1,734276,8.44,,S
461,0,3,Person_460,female,41.3,0,0,15829,51.17,,S
462,1,2,Person_461,Female,39.1,1,0,222153,,A14,S
463,1,3,Person_462,female,16.2,0,0,A456476,0.19,E101,S
464,0,3,Person_463,female,48.0,1,0,330562,17.95,B96,Q
465,1,3,Person_464,male,45.4,0,1,929258,16.77,,S
466,0,3,Person_465,female,30.9,1,0,515111,3.87,,S
467,0,2,Person_466,female,,0,1,70653,36.08,E101,C
468,1,2,Person_467,male,36.8,0,0,350459,38.75,,C
469,0,3,Person_468,male,16.9,0,0,982048,40.84,,S
470,1,3,Person_469,Male,29.4,0,0,979708,41.72,,C
471,0,1,Person_470,female,0.5,1,0,992364,0.0,,S
472,1,3,Person_471,female,41.3,1,0,939176,98.48,E101,S
473,0,3,Person_472,female,7.1,0,0,177022,,,S
474,1,3,Person_473,female,50.0,0,0,A684904,74.98,,
475,0,1,Person_474,female,24.4,0,0,399913,0.5,,S
476,1,3,Person_475,male,26.0,1,1,78122,86.91,,S
477,0,3,Person_476,male,20.2,0,2,224709,53.11,,S
478,0,1,Person_477,male,25.0,0,0,869375,58.09,,C
479,1,1,Person_478,female,48.9,0,2,62726,,,Q
480,0,3,Person_479,female,0.5,0,0,A844212,42.96,,C
481,1,1,Person_480,female,46.9,0,0,314647,102.94,,S
482,1,3,Person_481,male,33.7,0,1,A779362,36.32,,S
483,0,3,Person_482,female,12.1,0,0,90857,27.05,,S
484,1,2,Person_483,female,13.9,4,0,949621,93.18,,S
485,0,3,Person_484,female,,0,0,A652216,18.72,,S
486,1,2,Person_485,female,15.8,0,1,A936980,29.26,C123,S
487,0,3,Person_486,male,12.9,0,1,A621526,,C85,S
488,0,2,Person_487,female,44.9,1,0,728515,86.42,,S
489,1,3,Person_488,male,,0,0,87271,2.53,,S
490,1,1,Person_489,male,15.9,0,0,400166,22.25,,S
491,0,2,Person_490,female,32.0,0,0,A354359,37.16,,S
492,1,3,Person_491,female,,0,0,616888,50.23,,S
493,0,2,Person_492,Female,44.4,0,1,325594,27.99,C123,S
494,0,3,Person_493,female,43.9,1,0,A394784,76.67,,S
495,0,2,Person_494,female,,1,0,633578,91.11,E101,S
496,0,3,Person_495,female,34.1,0,0,34142,2.13,,S
497,0,1,Person_496,female,53.7,0,0,A944794,16.47,,C
498,0,3,Person_497,male,29.0,2,2,853353,0.76,,C
499,1,3,Person_498,male,12.5,0,0,566823,12.79,,S
500,1,1,Person_499,male,,1,0,26105,24.63,,S
501,1,1,Person_500,female,,0,0,A707389,77.34,,C
502,0,1,Person_501,male,,2,0,271674,59.98,,S
503,0,3,Person_502,male,,1,0,A56940,4.36,,S
504,1,2,Person_503,male,34.8,2,0,95001,3.12,,S
505,1,3,Person_504,Female,28.2,0,0,762158,28.47,,S
506,0,2,Person_505,male,15.2,0,0,17928,24.31,,C
507,1,2,Person_506,female,44.7,2,0,648902,9.91,,C
508,1,3,Person_507,male,,0,0,A89064,73.51,,S
509,1,3,Person_508,female,31.7,0,2,404775,83.91,,S
510,1,1,Person_509,male,16.3,1,0,572886,16.49,,S
511,0,1,Person_510,male,7.3,1,0,431655,70.72,,S
512,0,1,Person_511,female,32.6,2,0,A809717,15.5,,Q
513,1,3,Person_512,male,44.5,0,0,A556982,42.72,,S
514,1,3,Person_513,male,35.7,1,0,271401,20.68,,S
515,0,3,Person_514,male,29.0,1,0,A801043,4.18,C123,C
516,0,3,Person_515,male,20.8,0,0,155152,84.17,,C
517,0,3,Person_516,male,13.7,0,0,904829,19.37,,C
518,1,3,Person_517,male,40.7,0,0,465753,42.43,B96,S
519,1,3,Person_518,female,41.8,0,1,545888,14.64,,S
520,0,1,Person_519,female,7.4,4,0,A782718,0.61,B96,S
521,0,1,Person_520,female,51.3,0,0,749860,3.39,,S
522,0,2,Person_521,male,37.0,1,0,821146,,,Q
523,1,1,Person_522,Male,48.6,3,0,465040,37.47,A14,S
524,1,3,Person_523,male,10.2,0,0,686044,13.04,,Q
525,1,3,Person_524,male,9.9,1,1,645861,38.05,,S
526,0,1,Person_525,female,,0,0,A967274,,,C
527,0,1,Person_526,male,36.0,1,1,362895,38.95,,S
528,0,3,Person_527,male,54.1,0,0,677972,21.71,,Q
529,0,3,Person_528,female,38.9,2,0,A964593,78.84,,S
530,1,2,Person_529,female,,0,0,A848569,21.5,,S
531,1,3,Person_530,female,14.6,0,2,47361,19.15,,C
532,1,1,Person_531,female,46.2,1,0,816804,7.12,,S
533,1,1,Person_532,Female,15.5,0,0,A370704,11.77,,S
534,0,3,Person_533,male,51.8,0,0,435760,1.38,,Q
535,1,3,Person_534,male,25.0,0,0,481449,32.12,E101,S
536,1,1,Person_535,male,51.3,1,0,A631531,9.14,,S
537,1,3,Person_536,male,38.5,0,2,268430,11.6,,S
538,0,3,Person_537,male,,0,3,727368,47.14,C85,C
539,0,3,Person_538,Male,21.7,0,0,267351,12.68,D56,S
540,0,3,Person_539,female,,0,2,603975,8.87,,S
541,1,3,Person_540,female,35.0,0,0,892756,5.93,C85,S
542,0,3,Person_541,male,30.1,0,0,195221,47.71,,S
543,0,3,Person_542,female,,0,0,A463400,4.45,D56,S
544,1,1,Person_543,Female,,0,0,174329,19.35,,S
545,0,1,Person_544,female,,0,3,323392,22.63,,S
546,0,2,Person_545,male,0.5,1,0,763642,37.21,,S
547,0,3,Person_546,female,35.4,0,0,981777,32.1,B96,S
548,1,1,Person_547,male,15.3,0,0,209824,53.27,,S
549,0,3,Person_548,male,,0,0,211123,1.47,,S
550,1,3,Person_549,male,,0,0,216384,11.25,,S
551,0,1,Person_550,female,,1,3,A668323,10.52,B96,S
552,1,3,Person_551,female,,0,1,A154938,5.05,B96,S
553,0,2,Person_552,male,19.1,0,1,A989907,10.92,,S
554,0,3,Person_553,male,56.3,0,0,398388,11.86,,C
555,1,1,Person_554,female,21.6,1,0,988190,23.61,,S
556,0,3,Person_555,male,,0,0,425882,34.87,,
557,0,3,Person_556,male,34.6,0,0,215591,15.35,A14,S
558,0,3,Person_557,male,30.8,0,0,995461,40.67,,S
559,1,3,Person_558,female,27.9,3,0,219633,13.11,,Q
560,1,3,Person_559,male,12.3,0,0,807783,10.97,,S
561,1,3,Person_560,male,,0,0,637915,24.93,,S
562,0,3,Person_561,male,54.3,1,0,776552,0.77,,S
563,0,3,Person_562,Male,5.4,1,0,353822,2.66,,S
564,0,1,Person_563,female,14.7,0,0,A807210,17.32,,S
565,0,3,Person_564,female,25.1,1,2,929612,91.62,,S
566,0,3,Person_565,male,15.5,1,0,756714,40.91,,C
567,0,3,Person_566,female,36.1,0,1,A679727,2.95,,S
568,0,1,Person_567,male,18.8,0,0,665354,59.93,,S
569,1,3,Person_568,female,59.3,0,0,793540,42.17,,S
570,0,2,Person_569,Male,45.7,3,0,A418916,30.21,,S
571,0,3,Person_570,female,32.0,1,1,A956822,54.93,,S
572,1,1,Person_571,female,43.4,0,1,796166,16.57,,S
573,0,3,Person_572,female,,1,0,337370,8.01,,S
574,1,3,Person_573,male,21.1,0,0,169011,22.96,,S
575,1,1,Person_574,Male,17.6,0,0,843142,25.47,,C
576,1,3,Person_575,male,30.1,0,0,547068,24.73,,S
577,0,2,Person_576,female,41.1,0,2,A521714,26.64,,C
578,1,3,Person_577,male,30.9,1,0,361637,95.05,,S
579,0,3,Person_578,male,,0,0,913282,74.41,D56,S
580,0,3,Person_579,male,17.8,1,0,41533,66.73,C85,C
581,0,3,Person_580,male,,0,0,A874899,,,S
582,1,3,Person_581,female,27.9,0,0,A231140,91.91,,C
583,0,2,Person_582,female,,3,0,A914931,3.32,,C
584,0,2,Person_583,male,9.6,0,0,255840,9.86,,S
585,1,3,Person_584,male,36.1,0,0,373157,21.87,,S
586,0,3,Person_585,female,49.8,0,0,302926,59.98,A14,S
587,0,3,Person_586,male,60.8,1,1,996539,22.51,,Q
588,0,3,Person_587,female,23.3,0,0,920657,44.11,B96,C
589,0,2,Person_588,female,35.9,0,0,699317,4.79,,S
590,0,3,Person_589,female,37.0,0,0,A761240,,,S
591,0,1,Person_590,female,,0,0,494540,42.11,,S
592,1,3,Person_591,male,27.6,1,0,A974986,5.76,,S
593,0,1,Person_592,female,,0,0,921723,13.85,,S
594,0,2,Person_593,male,0.5,0,0,A766349,9.85,,S
595,1,2,Person_594,male,38.5,0,3,486984,13.78,,S
596,0,2,Person_595,female,30.8,0,0,A156903,39.43,,S
597,1,3,Person_596,male,25.9,2,0,858883,14.68,,C
598,0,2,Person_597,female,57.7,0,0,A374550,,,Q
599,0,2,Person_598,female,,4,0,A331516,3.37,C85,C
600,0,1,Person_599,female,23.4,0,0,493157,52.32,,C
601,0,2,Person_600,Male,56.9,0,1,504166,14.78,,S
602,0,1,Person_601,male,17.4,1,0,176129,33.46,,S
603,0,1,Person_602,male,21.3,0,0,63024,41.36,D56,S
604,0,3,Person_603,female,26.9,1,0,165146,7.53,,C
605,0,3,Person_604,male,40.8,4,0,A972943,69.12,,Q
606,0,3,Person_605,female,31.9,0,0,58926,30.65,,S
607,0,3,Person_606,female,10.9,0,0,A871309,17.92,D56,C
608,0,2,Person_607,female,21.5,1,0,779741,6.44,A14,S
609,0,3,Person_608,male,,0,0,A373114,91.28,,S
610,1,3,Person_609,male,27.9,0,0,704096,45.02,,S
611,0,3,Person_610,male,35.0,0,3,806266,7.46,,S
612,1,1,Person_611,male,34.9,0,0,A744769,,,S
613,1,2,Person_612,female,,1,1,671259,53.09,,S
614,0,2,Person_613,male,43.9,0,1,966277,38.07,,S
615,1,2,Person_614,male,32.5,0,0,511994,46.45,E101,S
616,1,3,Person_615,male,48.4,0,0,A773043,18.62,,S
617,0,3,Person_616,female,35.2,0,0,931815,40.33,,S
618,0,3,Person_617,female,,0,0,A838048,15.63,,S
619,1,3,Person_618,male,35.5,1,0,A802515,7.59,,S
620,1,3,Person_619,male,47.8,0,1,102416,32.05,C123,S
621,0,3,Person_620,male,36.3,1,2,646436,119.37,,C
622,0,3,Person_621,male,27.6,1,0,805818,11.9,,S
623,0,1,Person_622,female,,0,0,730892,19.78,,S
624,0,1,Person_623,female,41.4,0,0,A928175,35.87,,C
625,0,1,Person_624,male,,0,1,823287,24.95,B96,C
626,0,3,Person_625,male,11.1,0,0,127827,59.34,,C
627,0,3,Person_626,Female,11.0,1,0,24260,45.9,D56,S
628,1,2,Person_627,female,33.1,1,0,A445892,1.92,,S
629,0,3,Person_628,female,31.0,0,0,156192,206.44,D56,S
630,0,1,Person_629,male,20.4,0,2,774489,44.67,,S
631,1,3,Person_630,female,31.0,2,0,65479,63.82,B96,C
632,1,2,Person_631,male,51.2,3,0,274320,33.7,,S
633,0,1,Person_632,female,38.7,0,2,387332,62.08,,S
634,0,3,Person_633,Female,13.0,0,0,793930,3.81,,S
635,0,2,Person_634,male,,0,0,A87442,13.67,,S
636,0,2,Person_635,male,17.7,2,0,934114,66.91,,S
637,0,2,Person_636,male,23.6,0,0,A269488,7.21,,C
638,0,3,Person_637,male,23.2,0,0,A871148,2.61,C85,C
639,0,3,Person_638,male,22.3,0,0,833683,49.66,,Q
640,0,2,Person_639,male,11.4,0,0,835329,57.75,E101,S
641,0,3,Person_640,female,,0,0,272037,5.68,B96,S
642,0,3,Person_641,female,21.2,5,1,380134,61.65,,S
643,0,2,Person_642,male,0.5,0,1,704934,37.15,,S
644,0,2,Person_643,Male,57.7,0,0,A345076,,,Q
645,0,1,Person_644,male,,0,0,A153572,56.75,,S
646,1,1,Person_645,Female,23.7,0,0,670601,17.39,,C
647,0,3,Person_646,male,29.3,0,0,A14695,6.9,A14,S
648,1,1,Person_647,female,12.6,0,1,548606,10.73,,S
649,1,3,Person_648,female,,0,0,A393426,22.51,,S
650,0,3,Person_649,female,55.6,0,0,480076,24.25,,S
651,0,1,Person_650,Female,31.2,0,0,882109,52.41,A14,S
652,0,3,Person_651,male,43.3,0,0,397405,50.15,,S
653,0,2,Person_652,Female,31.5,3,0,377482,27.86,,C
654,1,3,Person_653,male,10.3,2,0,669599,48.57,,
655,0,3,Person_654,male,23.2,0,3,301813,,,S
656,0,3,Person_655,male,,0,1,669510,1.64,B96,C
657,0,3,Person_656,female,22.6,1,0,765110,66.19,D56,S
658,0,1,Person_657,male,25.9,0,0,152108,2.51,,S
659,1,3,Person_658,female,27.7,1,2,523694,9.06,,C
660,0,3,Person_659,female,,2,0,244456,38.03,,Q
661,0,3,Person_660,female,,0,0,453232,16.85,,S
662,1,3,Person_661,female,14.2,0,0,779673,66.88,,S
663,0,3,Person_662,male,19.0,3,1,A929006,11.32,,S
664,0,1,Person_663,male,11.0,0,0,A538058,0.38,,S
665,0,1,Person_664,male,42.7,0,0,276145,11.44,E101,S
666,0,3,Person_665,male,0.5,0,1,30946,27.61,,Q
667,0,2,Person_666,male,45.2,0,2,363247,15.09,B96,S
668,0,3,Person_667,male,48.4,1,2,A127729,24.49,,S
669,0,3,Person_668,male,24.8,1,0,295815,66.95,,S
670,0,2,Person_669,Female,0.5,5,0,460491,77.95,B96,S
671,0,1,Person_670,female,,0,0,438734,9.89,,S
672,1,3,Person_671,male,28.1,0,0,773580,19.85,,S
673,0,2,Person_672,female,14.9,0,0,A968395,25.49,,C
674,0,3,Person_673,male,21.8,0,0,925767,95.3,,S
675,0,2,Person_674,male,50.4,0,1,877424,210.68,E101,S
676,1,3,Person_675,female,38.3,3,0,884459,8.59,D56,
677,0,1,Person_676,female,16.1,1,0,330974,41.54,,S
678,0,3,Person_677,male,6.6,0,0,567985,15.2,,
679,1,3,Person_678,Female,24.4,0,0,507784,0.26,,S
680,1,3,Person_679,female,26.0,0,0,A773361,0.3,,S
681,1,1,Person_680,female,35.9,0,0,A283280,,,S
682,0,3,Person_681,female,,1,0,172357,21.44,,S
683,0,3,Person_682,female,,0,0,863152,0.73,,C
684,1,1,Person_683,male,56.1,5,0,69155,37.16,,C
685,1,1,Person_684,male,40.4,0,0,A855484,11.14,,S
686,0,1,Person_685,male,28.3,0,1,A289934,26.26,,S
687,0,3,Person_686,female,26.4,1,0,131937,11.46,,S
688,0,3,Person_687,female,24.0,0,0,388355,5.85,A14,S
689,1,3,Person_688,male,45.5,0,1,309840,16.73,B96,S
690,0,1,Person_689,Female,20.2,0,0,995730,8.46,,S
691,0,2,Person_690,Male,29.6,0,3,920553,24.49,,S
692,0,3,Person_691,female,29.7,1,1,207298,7.09,B96,C
693,0,3,Person_692,female,22.0,0,0,792065,22.72,D56,S
694,0,3,Person_693,female,9.8,1,3,592018,5.48,B96,C
695,0,1,Person_694,male,33.5,0,0,507393,35.57,,C
696,0,3,Person_695,female,,0,0,449948,44.87,A14,S
697,0,2,Person_696,male,36.0,1,0,111999,3.74,,C
698,0,2,Person_697,female,21.5,0,0,A572834,20.18,,C
699,0,3,Person_698,male,46.1,0,2,850597,2.35,D56,
700,0,3,Person_699,female,16.7,0,0,485551,,,S
701,0,3,Person_700,Male,53.0,0,0,46948,9.83,E101,S
702,0,1,Person_701,male,4.5,0,0,635107,24.0,,Q
703,0,1,Person_702,female,35.1,0,0,873204,23.32,C123,S
704,0,3,Person_703,Female,35.7,0,0,966888,82.61,,S
705,0,3,Person_704,female,,0,0,243746,25.49,B96,S
706,1,2,Person_705,female,,3,1,881913,,,S
707,0,1,Person_706,female,46.9,0,0,667116,16.43,,S
708,1,1,Person_707,male,0.5,1,1,A636776,95.28,,C
709,0,3,Person_708,male,36.0,0,0,A241773,48.05,,S
710,1,1,Person_709,male,,0,1,184166,10.75,,C
711,1,2,Person_710,female,15.5,1,0,407751,59.5,,C
712,0,1,Person_711,male,,0,0,57367,18.12,,S
713,0,2,Person_712,female,20.9,1,0,463028,56.45,,S
714,0,1,Person_713,female,12.6,0,1,678640,55.39,,C
715,0,3,Person_714,female,26.2,0,0,587539,6.7,C85,Q
716,1,1,Person_715,female,,0,2,254697,38.65,,S
717,1,3,Person_716,Female,3.4,0,0,37757,10.99,,S
718,1,1,Person_717,male,14.3,1,0,464623,11.3,,S
719,0,3,Person_718,female,50.0,0,0,830254,11.25,,C
720,1,3,Person_719,female,55.0,3,2,252955,41.38,,C
721,1,3,Person_720,female,27.6,2,0,902743,8.36,,S
722,0,3,Person_721,Female,11.7,0,1,A374709,0.03,D56,C
723,0,2,Person_722,male,58.3,0,1,292081,40.2,,S
724,1,2,Person_723,male,51.3,1,0,283363,6.01,,C
725,0,3,Person_724,female,38.5,3,0,764208,3.53,,S
726,1,3,Person_725,male,17.6,0,0,241615,8.68,,S
727,0,3,Person_726,female,28.3,0,0,635219,15.29,,S
728,1,3,Person_727,female,,0,1,147852,20.67,C123,S
729,0,3,Person_728,male,,1,0,340810,1.46,,S
730,0,3,Person_729,female,49.3,0,0,647423,112.83,,S
731,0,1,Person_730,male,41.3,1,1,572453,40.29,,S
732,1,3,Person_731,female,13.9,0,0,A190680,12.49,A14,S
733,1,3,Person_732,female,48.3,0,0,938683,12.28,,S
734,0,1,Person_733,Male,33.4,0,0,920343,19.05,,C
735,0,3,Person_734,male,38.6,0,0,A712076,31.49,,S
736,1,1,Person_735,female,49.5,0,0,875792,5.06,,S
737,0,3,Person_736,female,,0,1,646712,6.7,B96,S
738,1,1,Person_737,female,28.5,0,0,264394,62.79,,S
739,0,3,Person_738,female,,0,0,113088,9.47,,C
740,0,3,Person_739,male,,0,0,A584901,15.31,A14,C
741,0,2,Person_740,male,33.9,3,0,A272530,65.6,,S
742,0,3,Person_741,male,64.2,0,0,A302164,34.82,,Q
743,1,3,Person_742,female,3.2,0,2,71394,13.38,,C
744,0,3,Person_743,male,28.5,0,0,A656004,36.83,,C
745,0,1,Person_744,male,38.0,4,0,590206,0.64,,S
746,1,2,Person_745,Female,30.7,0,0,387784,42.57,D56,S
747,0,1,Person_746,male,,1,0,376590,21.36,,S
748,0,3,Person_747,Female,10.8,1,0,115509,53.68,,
749,1,3,Person_748,female,32.3,0,0,939613,98.98,E101,S
750,1,3,Person_749,female,18.4,0,0,568910,83.23,,S
751,0,3,Person_750,male,,0,0,127919,76.79,,S
752,1,3,Person_751,male,45.7,0,0,706314,22.97,,S
753,1,3,Person_752,female,42.4,0,0,A508204,14.29,E101,S
754,0,1,Person_753,female,29.7,1,2,158112,20.02,E101,S
755,0,3,Person_754,female,32.2,0,0,892522,37.47,C85,Q
756,1,1,Person_755,male,44.0,1,0,841303,68.93,D56,C
757,1,3,Person_756,female,32.1,0,0,989211,7.42,,S
758,0,3,Person_757,female,41.7,1,0,A839154,80.11,,S
759,1,3,Person_758,female,24.8,0,0,619493,54.03,E101,S
760,1,1,Person_759,female,47.4,0,0,177403,123.4,,S
761,0,2,Person_760,female,33.5,0,0,A457185,67.92,,C
762,0,2,Person_761,female,31.7,2,0,786230,10.51,,S
763,0,2,Person_762,male,11.2,0,0,783292,3.58,,S
764,1,1,Person_763,female,33.0,0,0,618481,3.81,C123,C
765,0,3,Person_764,male,17.4,0,0,984020,11.01,,S
766,0,3,Person_765,male,20.1,0,0,635686,,,S
767,1,2,Person_766,male,17.6,0,0,163329,52.2,C85,S
768,1,2,Person_767,male,14.1,0,0,787110,73.44,,S
769,0,2,Person_768,male,58.7,0,0,756633,31.28,,
770,1,3,Person_769,male,47.6,0,0,742943,0.18,,S
771,0,3,Person_770,female,55.9,0,1,A272838,6.6,A14,S
772,1,3,Person_771,Male,11.9,0,0,A727116,3.36,C123,C
773,0,3,Person_772,male,30.0,1,0,255456,14.45,B96,S
774,0,3,Person_773,Female,10.9,0,0,882035,22.27,,C
775,1,3,Person_774,female,19.3,0,3,601795,1.42,,S
776,0,1,Person_775,male,16.1,0,0,902791,13.71,A14,S
777,0,3,Person_776,male,,3,0,A391050,6.32,C123,S
778,1,1,Person_777,female,23.5,2,0,A274012,33.33,,S
779,1,3,Person_778,female,44.0,1,0,339408,19.97,,S
780,1,2,Person_779,female,37.5,0,0,81939,21.88,B96,S
781,1,3,Person_780,male,61.3,0,0,A421742,17.86,A14,C
782,0,3,Person_781,male,8.3,0,2,818826,99.97,B96,S
783,0,3,Person_782,male,,0,2,505062,7.74,D56,S
784,0,3,Person_783,male,45.1,0,0,206164,23.27,,Q
785,0,2,Person_784,male,15.4,1,0,A833837,42.62,,S
786,1,1,Person_785,male,43.1,1,2,366440,26.04,,S
787,0,2,Person_786,female,33.7,1,0,A776164,84.65,,S
788,0,1,Person_787,Male,25.8,0,0,516767,15.19,,S
789,0,3,Person_788,male,,1,0,999516,19.94,,S
790,1,2,Person_789,Male,18.9,0,0,338684,2.97,,S
791,0,3,Person_790,male,57.7,0,0,799703,30.05,,
792,0,3,Person_791,female,,1,0,232071,10.88,,S
793,0,3,Person_792,male,39.9,0,0,816409,,,S
794,0,1,Person_793,female,17.9,0,0,400300,25.17,,Q
795,0,3,Person_794,Female,18.1,0,0,A240144,24.32,,C
796,1,3,Person_795,female,44.1,1,0,A226194,2.52,,S
797,1,3,Person_796,male,,1,1,A193011,38.34,D56,S
798,0,3,Person_797,female,,0,0,17399,31.28,,C
799,1,3,Person_798,male,29.5,1,0,952621,,,S
800,1,1,Person_799,female,30.6,0,2,672858,20.28,,S
801,1,3,Person_800,female,26.5,0,2,A926283,40.77,,S
802,0,2,Person_801,male,34.5,1,0,847056,24.12,,C
803,0,1,Person_802,female,38.7,1,0,310763,16.11,D56,S
804,0,2,Person_803,female,39.3,4,0,310178,12.45,C123,Q
805,0,1,Person_804,male,15.2,0,1,525882,30.16,,S
806,1,1,Person_805,female,25.0,0,2,628408,89.56,,S
807,1,1,Person_806,male,45.7,0,1,289916,,C123,S
808,1,3,Person_807,female,,2,0,996275,2.49,C123,S
809,0,3,Person_808,female,9.8,0,0,A371548,19.76,,C
810,0,3,Person_809,female,33.9,1,0,258292,70.87,,Q
811,1,2,Person_810,female,1.3,0,0,A423270,3.18,,S
812,1,2,Person_811,female,29.7,0,0,390355,143.96,,Q
813,0,3,Person_812,male,55.6,0,0,561250,95.27,,C
814,1,2,Person_813,female,15.7,0,0,309907,2.61,,S
815,1,1,Person_814,male,,0,0,991598,86.7,,S
816,0,3,Person_815,female,,1,0,969540,14.44,,S
817,0,1,Person_816,male,7.4,0,0,698630,59.6,D56,
818,0,3,Person_817,male,,0,0,A41541,17.34,A14,S
819,0,3,Person_818,female,37.4,0,0,757358,18.6,,S
820,0,1,Person_819,male,20.1,0,0,486186,32.19,B96,S
821,1,1,Person_820,female,25.7,0,0,229073,47.66,,C
822,0,3,Person_821,male,39.4,0,3,751196,1.1,C85,C
823,0,3,Person_822,male,34.9,0,0,A678795,28.78,,S
824,0,1,Person_823,female,32.7,0,0,963639,6.61,,S
825,0,3,Person_824,male,24.3,0,0,A603775,13.59,,S
826,1,1,Person_825,male,,0,0,319799,13.69,,S
827,0,3,Person_826,female,27.3,0,1,A729542,20.26,C85,S
828,0,3,Person_827,male,35.4,0,0,375750,13.01,,S
829,1,1,Person_828,female,22.0,0,1,437195,3.63,,S
830,0,1,Person_829,male,26.4,2,0,65107,5.04,,S
831,0,1,Person_830,male,,1,1,666520,1.09,,S
832,0,2,Person_831,female,28.5,1,0,749663,20.33,,S
833,0,1,Person_832,male,17.6,0,1,638468,98.84,,C
834,0,3,Person_833,male,13.4,1,0,679242,3.93,,
835,0,1,Person_834,male,32.6,1,0,11095,93.56,B96,S
836,0,3,Person_835,male,32.0,1,0,A548411,42.3,C123,S
837,1,3,Person_836,female,,0,2,A498409,,,S
838,0,3,Person_837,male,23.0,0,0,61999,33.17,,S
839,0,3,Person_838,female,,1,0,765137,56.09,,S
840,1,2,Person_839,female,36.7,0,1,A794875,3.62,,S
841,0,3,Person_840,male,35.2,0,0,A150073,22.49,,Q
842,1,3,Person_841,Male,17.4,0,0,353288,38.22,C85,S
843,0,2,Person_842,male,31.1,0,0,736179,28.28,,C
844,1,1,Person_843,Female,,0,0,A282859,57.23,C123,S
845,0,3,Person_844,male,29.1,0,2,401337,2.4,A14,S
846,0,2,Person_845,female,,0,1,319717,37.55,C123,S
847,0,1,Person_846,female,31.2,0,0,572193,24.44,A14,S
848,1,2,Person_847,male,60.0,0,3,663939,15.25,,S
849,0,2,Person_848,female,24.0,0,0,A607679,13.31,,S
850,0,3,Person_849,female,18.8,0,0,A781702,31.03,,S
851,0,3,Person_850,male,,1,0,684502,70.92,,S
852,1,3,Person_851,male,,1,0,311343,21.94,,S
853,0,1,Person_852,female,,0,0,303362,55.72,,Q
854,1,2,Person_853,female,11.4,0,2,A133182,16.46,,S
855,0,3,Person_854,Female,39.2,0,1,43205,,E101,S
856,0,1,Person_855,female,37.3,1,0,715344,2.03,C85,S
857,0,2,Person_856,Female,27.0,0,0,A693524,1.69,,C
858,0,3,Person_857,female,33.7,0,0,472326,15.3,,S
859,0,1,Person_858,male,43.4,0,2,818036,13.16,,S
860,0,3,Person_859,male,41.2,0,1,360882,40.5,,S
861,1,1,Person_860,female,13.0,1,0,112537,43.46,B96,S
862,0,1,Person_861,female,40.5,1,1,280151,1.67,,S
863,0,2,Person_862,male,,0,0,A127419,8.0,,Q
864,0,3,Person_863,male,30.0,0,0,A740151,10.26,C123,C
865,0,3,Person_864,Female,30.0,0,0,A802214,25.38,D56,S
866,0,3,Person_865,female,26.9,0,0,637797,4.99,,S
867,0,3,Person_866,male,,0,0,825636,4.6,,S
868,0,1,Person_867,female,27.8,0,0,458402,,,S
869,1,3,Person_868,male,13.3,0,0,A226096,52.18,,C
870,1,3,Person_869,male,,0,0,716050,6.38,,S
871,0,3,Person_870,male,31.5,2,0,198392,16.7,,S
872,0,1,Person_871,male,46.2,0,0,A378709,14.06,,S
873,1,3,Person_872,female,,1,0,48712,50.09,,C
874,0,1,Person_873,male,,1,2,A206349,22.84,,S
875,0,2,Person_874,female,63.8,0,0,A554766,4.38,,S
876,0,3,Person_875,female,32.7,1,0,A103608,42.98,,S
877,1,3,Person_876,male,46.9,0,0,296539,16.18,,S
878,1,2,Person_877,female,26.9,0,1,962155,9.76,A14,Q
879,0,2,Person_878,female,,0,3,A476961,15.07,,S
880,0,3,Person_879,female,40.8,5,0,A686706,22.04,D56,S
881,0,3,Person_880,male,46.1,0,0,A760310,13.45,,S
882,1,3,Person_881,female,,0,2,A540235,8.86,,C
883,0,3,Person_882,female,41.2,2,0,137192,16.27,,S
884,0,3,Person_883,male,24.6,0,0,A339572,0.62,,S
885,1,2,Person_884,male,21.0,1,0,461457,47.38,,S
886,0,3,Person_885,female,,1,0,792780,6.0,,S
887,1,2,Person_886,female,42.1,1,0,A760782,1.44,,S
888,0,2,Person_887,male,25.9,3,0,196256,33.93,,C
889,0,3,Person_888,female,43.9,3,0,779606,47.58,,
890,0,1,Person_889,male,,0,2,967684,53.79,,S
891,1,3,Person_890,female,16.2,1,0,610139,21.77,,Q
